,あ,い,う,え,お,か,き,く,け,こ,さ,し,す,せ,そ,た,ち,つ,て,と,な,に,ぬ,ね,の,は,ひ,ふ,へ,ほ,ま,み,む,め,も,や,ゆ,よ,ら,り,る,れ,ろ,わ,ゔ,が,ぎ,ぐ,げ,ご,ざ,じ,ず,ぜ,ぞ,だ,ぢ,づ,で,ど,ば,び,ぶ,べ,ぼ,ぱ,ぴ,ぷ,ぺ,ぽ
あ,1.0,22.0,45.666666666666664,2.3333333333333335,9.333333333333334,5.833333333333333,16.833333333333332,19.6,19.0,3.5555555555555554,3.4285714285714284,13.666666666666666,5.375,8.5,3.0,52.0,57.0,47.0,13.666666666666666,42.5,15.0,3.8333333333333335,2.0,16.0,5.2,1.0,1.0,0.15789473684210525,1.3333333333333333,inf,5.545454545454546,23.333333333333332,inf,9.0,3.5,inf,3.0,inf,50.0,29.0,36.5,8.2,9.333333333333334,18.0,,4.5,inf,8.0,20.0,inf,10.0,15.0,inf,inf,,11.5,inf,inf,inf,7.75,4.333333333333333,9.666666666666666,2.4285714285714284,0.6,3.5,2.0,0.6666666666666666,2.25,0.3333333333333333,2.5
い,0.045454545454545456,1.0,4.367816091954023,0.5411764705882353,0.07692307692307693,0.1662269129287599,0.4774774774774775,2.037037037037037,0.24390243902439024,0.1757188498402556,0.08163265306122448,0.19504132231404958,0.30526315789473685,0.01968503937007874,0.06766917293233082,0.21195652173913043,0.7733333333333333,1.8461538461538463,0.15584415584415584,0.4,0.18811881188118812,0.18115942028985507,1.0,0.59375,0.9,0.041025641025641026,0.043859649122807015,0.041666666666666664,0.057971014492753624,0.008064516129032258,0.25742574257425743,0.5220588235294118,0.18604651162790697,0.5370370370370371,0.24285714285714285,0.8305084745762712,0.29577464788732394,0.32,1.1219512195121952,1.3608247422680413,2.3529411764705883,0.2345679012345679,0.43283582089552236,0.2692307692307692,,0.16666666666666666,0.4583333333333333,0.17142857142857143,0.07407407407407407,0.2441860465116279,0.15384615384615385,0.22591362126245848,0.8888888888888888,0.017857142857142856,0.0,0.12380952380952381,inf,0.0,0.36666666666666664,0.125,0.18461538461538463,0.5714285714285714,0.3333333333333333,0.1111111111111111,0.05,0.125,0.2222222222222222,0.6363636363636364,0.5,1.0
う,0.021897810218978103,0.22894736842105262,1.0,0.2358490566037736,0.08527131782945736,0.0392156862745098,0.11405295315682282,0.24770642201834864,0.16022099447513813,0.043583535108958835,0.02956989247311828,0.07545045045045046,0.24390243902439024,0.034383954154727794,0.019230769230769232,0.10080645161290322,0.15384615384615385,0.5192307692307693,0.16981132075471697,0.11855670103092783,0.15151515151515152,0.0797872340425532,,0.21818181818181817,0.22448979591836735,0.013937282229965157,0.017857142857142856,0.008438818565400843,0.05194805194805195,0.0,0.13333333333333333,0.22440944881889763,0.078125,0.39285714285714285,0.1,0.15178571428571427,0.1111111111111111,0.0684931506849315,0.4027777777777778,0.4175257731958763,3.0,0.18292682926829268,0.17355371900826447,0.36538461538461536,,0.023622047244094488,0.22641509433962265,0.23255813953488372,0.05825242718446602,0.04597701149425287,0.013157894736842105,0.0547945205479452,0.7894736842105263,0.014492753623188406,0.0,0.034782608695652174,,0.0,0.13333333333333333,0.08391608391608392,0.14814814814814814,0.17333333333333334,0.021505376344086023,0.17142857142857143,0.03529411764705882,0.5,0.0,0.3333333333333333,,
え,0.42857142857142855,1.8478260869565217,4.24,1.0,0.07317073170731707,0.5714285714285714,2.3181818181818183,2.5,2.0,0.3333333333333333,0.225,1.1363636363636365,3.6666666666666665,1.3333333333333333,1.75,0.56,3.6666666666666665,1.25,0.6,1.7142857142857142,0.5294117647058824,0.5555555555555556,0.25,inf,1.0,0.10714285714285714,0.125,0.15789473684210525,,0.0,0.2727272727272727,0.8181818181818182,3.25,1.75,0.0,1.3,0.8888888888888888,2.5,inf,8.75,inf,1.5,2.0,0.7142857142857143,,1.6666666666666667,inf,15.0,inf,1.6666666666666667,inf,2.1818181818181817,1.6666666666666667,inf,inf,4.0,,0.0,0.42857142857142855,3.0,2.6666666666666665,4.5,inf,0.0,inf,inf,inf,inf,1.0,1.0
お,0.10714285714285714,13.0,11.727272727272727,13.666666666666666,1.0,4.083333333333333,36.666666666666664,12.333333333333334,18.333333333333332,10.8,1.2142857142857142,4.208333333333333,3.2,5.0,4.0,2.8333333333333335,13.0,28.0,7.666666666666667,4.076923076923077,5.0,1.5555555555555556,inf,8.5,5.833333333333333,0.3333333333333333,0.1111111111111111,0.5,0.5,0.25,4.4375,2.0294117647058822,12.0,46.0,1.1428571428571428,2.8666666666666667,6.0,3.4,14.333333333333334,167.0,36.0,41.0,12.0,3.5,,inf,inf,5.0,22.0,2.2,10.0,16.2,inf,inf,1.5,5.0,,inf,3.6666666666666665,12.0,15.0,4.666666666666667,15.0,inf,5.0,3.0,inf,inf,inf,0.5
か,0.17142857142857143,6.015873015873016,25.5,1.75,0.24489795918367346,1.0,4.018867924528302,12.842105263157896,3.235294117647059,1.05,0.48148148148148145,1.9,0.8484848484848485,0.2,1.5714285714285714,1.0425531914893618,5.275862068965517,9.4,1.875,2.0,0.5227272727272727,0.8333333333333334,9.0,7.333333333333333,2.4285714285714284,0.2962962962962963,0.29411764705882354,0.53125,0.25,0.07142857142857142,1.0512820512820513,2.393939393939394,5.0,3.75,0.5714285714285714,3.45,2.5384615384615383,2.2857142857142856,5.818181818181818,7.8,30.5,2.4375,1.9333333333333333,2.6,,1.0,7.75,4.0,1.875,1.1875,0.8888888888888888,1.6585365853658536,inf,1.1666666666666667,0.0,1.3,,,1.4,2.4545454545454546,2.0,4.4,1.1428571428571428,1.6666666666666667,0.8,1.4285714285714286,1.0,6.5,3.5,4.0
き,0.0594059405940594,2.0943396226415096,8.767857142857142,0.43137254901960786,0.02727272727272727,0.24882629107981222,1.0,2.8666666666666667,0.5333333333333333,0.28448275862068967,0.08661417322834646,0.3319838056680162,0.2807017543859649,0.010869565217391304,0.20512820512820512,0.21296296296296297,1.0555555555555556,2.8536585365853657,0.2857142857142857,0.65,0.24489795918367346,0.08235294117647059,0.5,0.65,0.8,0.4125874125874126,0.09183673469387756,0.11956521739130435,0.125,0.05172413793103448,0.38235294117647056,0.296551724137931,0.5294117647058824,0.8214285714285714,0.15384615384615385,0.7301587301587301,1.4193548387096775,1.0,1.5,2.217391304347826,6.5,1.05,0.6785714285714286,0.5,,0.23684210526315788,0.9411764705882353,1.1538461538461537,0.4,0.30952380952380953,0.11538461538461539,0.46296296296296297,2.125,0.25,0.14285714285714285,0.5555555555555556,,0.0,0.4117647058823529,0.625,0.64,0.7368421052631579,0.8666666666666667,0.25,0.13636363636363635,0.75,1.0,6.0,1.0,1.0
く,0.05102040816326531,0.4909090909090909,4.037037037037037,0.4,0.08108108108108109,0.0778688524590164,0.3488372093023256,1.0,0.3146067415730337,0.12234042553191489,0.05511811023622047,0.14390243902439023,0.40350877192982454,0.10303030303030303,0.01282051282051282,0.26666666666666666,0.46,1.4782608695652173,0.0963855421686747,0.37349397590361444,0.15555555555555556,0.2,0.0,1.5714285714285714,0.85,0.19858156028368795,0.04,0.008928571428571428,0.02857142857142857,0.023529411764705882,0.44642857142857145,0.5142857142857142,0.3448275862068966,0.41935483870967744,0.2391304347826087,0.46511627906976744,0.3333333333333333,0.17391304347826086,0.8181818181818182,0.717391304347826,12.5,0.5277777777777778,0.3076923076923077,0.34375,,0.07272727272727272,0.19148936170212766,0.13636363636363635,0.39622641509433965,0.12162162162162163,0.12121212121212122,0.12903225806451613,1.8,0.0,0.0,0.0784313725490196,inf,0.0,0.21052631578947367,0.203125,0.13114754098360656,0.46875,0.20833333333333334,0.4166666666666667,0.14285714285714285,0.15,0.0,1.4,0.5,0.0
け,0.05263157894736842,4.1,6.241379310344827,0.5,0.05454545454545454,0.3090909090909091,1.875,3.1785714285714284,1.0,0.12903225806451613,0.15625,0.6842105263157895,0.2857142857142857,0.0,0.38461538461538464,0.25,0.5263157894736842,4.571428571428571,0.1,0.42857142857142855,0.15789473684210525,0.2,0.0,0.0,0.2727272727272727,0.0,0.12121212121212122,0.043478260869565216,1.0,0.23076923076923078,0.2962962962962963,0.3548387096774194,0.9,1.4,0.0,0.8125,0.5384615384615384,2.5555555555555554,11.0,11.5,inf,3.5,1.8333333333333333,0.3333333333333333,,1.6,7.0,1.25,inf,0.7777777777777778,0.5,2.7142857142857144,1.0,0.0,0.0,0.0,0.0,,1.0,0.75,1.0,2.6666666666666665,0.47058823529411764,0.0,0.6666666666666666,2.0,0.6666666666666666,inf,0.0,inf
こ,0.28125,5.6909090909090905,22.944444444444443,3.0,0.09259259259259259,0.9523809523809523,3.515151515151515,8.173913043478262,7.75,1.0,0.5357142857142857,1.4827586206896552,1.5,0.13333333333333333,1.6,1.0588235294117647,2.9,13.2,1.6428571428571428,3.869565217391304,1.04,1.3076923076923077,4.0,1.4,1.4,0.40625,0.3793103448275862,0.47058823529411764,0.0,0.4444444444444444,0.7241379310344828,0.7843137254901961,2.111111111111111,3.7142857142857144,0.6956521739130435,1.4193548387096775,2.9,2.25,9.5,16.333333333333332,inf,3.4,10.333333333333334,2.3333333333333335,,3.0,4.0,1.6,1.1428571428571428,0.7857142857142857,3.6666666666666665,5.214285714285714,inf,2.0,inf,1.5,1.0,inf,0.7777777777777778,1.8571428571428572,3.0,3.5,2.375,0.5,8.0,0.6,0.25,1.5,0.6,0.6666666666666666
さ,0.2916666666666667,12.25,33.81818181818182,4.444444444444445,0.8235294117647058,2.076923076923077,11.545454545454545,18.142857142857142,6.4,1.8666666666666667,1.0,3.769230769230769,2.9,0.5833333333333334,3.0,1.4375,7.235294117647059,15.8,2.0,2.923076923076923,1.9,2.0,,2.5,inf,0.8333333333333334,0.8571428571428571,0.46153846153846156,0.0,0.36363636363636365,1.2758620689655173,3.1176470588235294,4.5,inf,1.2222222222222223,7.166666666666667,12.333333333333334,6.0,24.5,34.0,inf,4.666666666666667,27.0,1.2142857142857142,,2.25,inf,10.0,inf,3.0,inf,9.142857142857142,14.0,inf,1.0,4.333333333333333,,,2.0,3.0,13.5,13.5,9.0,inf,2.25,1.0,inf,1.1666666666666667,0.5,inf
し,0.07317073170731707,5.127118644067797,13.253731343283581,0.88,0.2376237623762376,0.5263157894736842,3.0121951219512195,6.9491525423728815,1.4615384615384615,0.6744186046511628,0.2653061224489796,1.0,0.7435897435897436,0.2916666666666667,0.8461538461538461,0.6216216216216216,1.173913043478261,4.782608695652174,0.5135135135135135,0.9324324324324325,0.24561403508771928,0.2948717948717949,1.5,0.6521739130434783,0.875,0.19767441860465115,0.17475728155339806,0.41818181818181815,0.08333333333333333,0.3142857142857143,1.078125,0.7557251908396947,1.2307692307692308,1.0833333333333333,0.30952380952380953,1.0875,2.0,1.5737704918032787,9.25,4.105263157894737,54.0,2.1,1.0714285714285714,0.8285714285714286,,1.625,1.8695652173913044,3.2,0.7333333333333333,0.3953488372093023,1.1538461538461537,1.051948051948052,6.666666666666667,0.7777777777777778,0.16666666666666666,0.5135135135135135,inf,0.0,0.6923076923076923,1.4615384615384615,1.7058823529411764,3.1818181818181817,1.588235294117647,0.8333333333333334,0.4666666666666667,3.0,3.0,10.0,0.3333333333333333,2.0
す,0.18604651162790697,3.2758620689655173,4.1,0.2727272727272727,0.3125,1.1785714285714286,3.5625,2.4782608695652173,3.5,0.6666666666666666,0.3448275862068966,1.3448275862068966,1.0,0.2,0.6666666666666666,2.1818181818181817,4.769230769230769,4.6,0.631578947368421,2.9444444444444446,0.9333333333333333,0.041666666666666664,,4.5,2.6666666666666665,0.08695652173913043,0.125,0.32,2.0,0.11764705882352941,0.6521739130434783,1.0833333333333333,6.333333333333333,0.9,0.6666666666666666,2.0,1.2,2.0,1.25,4.75,9.833333333333334,0.6666666666666666,1.5,0.42857142857142855,,0.5,1.6666666666666667,3.0,0.5,0.6,0.4,4.857142857142857,16.0,5.0,,0.9,,,0.5,1.75,0.4375,0.8461538461538461,1.5,1.0,0.125,0.85,0.2,1.105263157894737,0.16666666666666666,0.2
せ,0.11764705882352941,50.8,29.083333333333332,0.75,0.2,5.0,92.0,9.705882352941176,inf,7.5,1.7142857142857142,3.4285714285714284,5.0,1.0,inf,7.0,28.5,16.714285714285715,3.25,2.4,1.8,0.8,,1.0,6.0,0.36363636363636365,1.0,1.6666666666666667,inf,inf,1.5714285714285714,1.7142857142857142,13.0,2.0,0.6,4.166666666666667,12.0,4.571428571428571,6.5,27.5,inf,inf,8.0,4.5,,3.5,inf,inf,8.0,2.3333333333333335,3.0,12.0,inf,0.5,inf,3.0,,,1.0,inf,2.0,inf,inf,0.0,inf,inf,inf,inf,,inf
そ,0.3333333333333333,14.777777777777779,52.0,0.5714285714285714,0.25,0.6363636363636364,4.875,78.0,2.6,0.625,0.3333333333333333,1.1818181818181819,1.5,0.0,1.0,2.0,3.4285714285714284,18.333333333333332,1.75,5.333333333333333,inf,1.1111111111111112,0.0,inf,6.0,0.5714285714285714,0.0,2.3333333333333335,0.42857142857142855,0.6,2.5,1.1111111111111112,inf,9.0,1.0,4.5,inf,3.4,inf,inf,8.0,inf,4.5,inf,,2.25,inf,6.0,1.0,1.4,0.5,2.5,inf,inf,,3.5,,,5.0,2.0,inf,2.0,5.0,0.0,2.5,,inf,3.0,0.0,inf
た,0.019230769230769232,4.717948717948718,9.92,1.7857142857142858,0.35294117647058826,0.9591836734693877,4.695652173913044,3.75,4.0,0.9444444444444444,0.6956521739130435,1.608695652173913,0.4583333333333333,0.14285714285714285,0.5,1.0,4.37037037037037,5.357142857142857,1.1538461538461537,1.5357142857142858,0.8947368421052632,0.631578947368421,0.0,1.1666666666666667,5.833333333333333,0.17073170731707318,0.38461538461538464,0.23076923076923078,0.2,0.42857142857142855,1.0909090909090908,1.7307692307692308,1.0,0.6666666666666666,0.15384615384615385,2.0714285714285716,0.5,4.5,3.4285714285714284,14.833333333333334,24.0,1.25,1.5,0.7222222222222222,,1.1666666666666667,6.0,inf,1.0,1.6,1.1666666666666667,3.6923076923076925,2.3333333333333335,1.0,1.0,7.5,,,0.5,0.46153846153846156,0.5333333333333333,3.3333333333333335,1.5,0.2857142857142857,1.8,0.2222222222222222,1.0,0.7,0.0,1.0
ち,0.017543859649122806,1.293103448275862,6.5,0.2727272727272727,0.07692307692307693,0.1895424836601307,0.9473684210526315,2.1739130434782608,1.9,0.3448275862068966,0.13821138211382114,0.8518518518518519,0.20967741935483872,0.03508771929824561,0.2916666666666667,0.2288135593220339,1.0,2.78125,0.14285714285714285,0.43636363636363634,0.11235955056179775,0.08571428571428572,0.2,1.3846153846153846,0.1724137931034483,0.08333333333333333,0.013888888888888888,0.03529411764705882,0.18181818181818182,0.1875,0.2840909090909091,0.2014388489208633,0.2727272727272727,1.6666666666666667,0.04,0.3786407766990291,1.0,0.7058823529411765,2.0,2.6666666666666665,11.5,2.1666666666666665,1.0555555555555556,0.34146341463414637,,0.23076923076923078,2.0,1.1666666666666667,2.0,0.3,0.5,0.5283018867924528,5.0,0.25,0.0,0.7142857142857143,1.0,0.5,0.1,0.29411764705882354,0.8,1.8,3.2,0.3333333333333333,0.6875,0.16666666666666666,0.4,2.6666666666666665,0.0,0.4
つ,0.02127659574468085,0.5416666666666666,1.9259259259259258,0.8,0.03571428571428571,0.10638297872340426,0.3504273504273504,0.6764705882352942,0.21875,0.07575757575757576,0.06329113924050633,0.20909090909090908,0.21739130434782608,0.05982905982905983,0.05454545454545454,0.18666666666666668,0.3595505617977528,1.0,0.5434782608695652,0.24242424242424243,0.2,0.21951219512195122,0.0,0.8888888888888888,1.3571428571428572,0.012195121951219513,0.01694915254237288,0.015384615384615385,0.0,0.023255813953488372,0.5714285714285714,0.9473684210526315,0.2,0.72,0.16666666666666666,0.6153846153846154,0.07407407407407407,0.21621621621621623,0.7894736842105263,1.5555555555555556,5.333333333333333,0.3793103448275862,0.6818181818181818,0.7,,0.10344827586206896,1.0,0.42857142857142855,0.35,0.08823529411764706,0.1,0.2072072072072072,0.8333333333333334,0.0625,0.0,0.06666666666666667,,1.0,0.3076923076923077,0.17142857142857143,0.3333333333333333,0.29411764705882354,0.11428571428571428,0.14285714285714285,0.4166666666666667,0.0,0.0,0.3333333333333333,,0.0
て,0.07317073170731707,6.416666666666667,5.888888888888889,1.6666666666666667,0.13043478260869565,0.5333333333333333,3.5,10.375,10.0,0.6086956521739131,0.5,1.9473684210526316,1.5833333333333333,0.3076923076923077,0.5714285714285714,0.8666666666666667,7.0,1.84,1.0,2.0625,0.2608695652173913,0.875,0.0,inf,1.0,0.2,0.08695652173913043,0.16666666666666666,0.0,0.0,1.2941176470588236,1.1666666666666667,1.6666666666666667,2.0,0.0,2.7777777777777777,2.0,2.0,23.0,7.857142857142857,19.0,9.0,4.333333333333333,0.5454545454545454,,6.0,1.2,2.0,2.5,0.6666666666666666,2.0,2.0,inf,0.5,inf,0.8,,0.0,2.0,1.2,1.2,2.5,2.0,0.25,0.2,0.25,3.0,5.5,0.0,2.0
と,0.023529411764705882,2.5,8.434782608695652,0.5833333333333334,0.24528301886792453,0.5,1.5384615384615385,2.6774193548387095,2.3333333333333335,0.25842696629213485,0.34210526315789475,1.0724637681159421,0.33962264150943394,0.4166666666666667,0.1875,0.6511627906976745,2.2916666666666665,4.125,0.48484848484848486,1.0,0.42857142857142855,0.5882352941176471,0.0,0.9166666666666666,0.42857142857142855,0.2777777777777778,0.35294117647058826,0.16901408450704225,0.375,0.25,0.45098039215686275,0.5625,1.0,1.4545454545454546,0.2857142857142857,1.5789473684210527,2.2857142857142856,1.6,1.3333333333333333,2.5625,5.166666666666667,1.2307692307692308,0.9090909090909091,0.47368421052631576,,1.0,1.5,1.6,1.3,0.6428571428571429,1.0,1.2916666666666667,5.0,0.2,0.2,0.22727272727272727,,0.5,0.5238095238095238,1.0,0.5238095238095238,0.625,0.17647058823529413,0.06666666666666667,0.23076923076923078,0.15625,0.14285714285714285,0.20833333333333334,0.0,0.06666666666666667
な,0.06666666666666667,5.315789473684211,6.6,1.8888888888888888,0.2,1.9130434782608696,4.083333333333333,6.428571428571429,6.333333333333333,0.9615384615384616,0.5263157894736842,4.071428571428571,1.0714285714285714,0.5555555555555556,0.0,1.1176470588235294,8.9,5.0,3.8333333333333335,2.3333333333333335,1.0,1.8,0.0,1.3333333333333333,11.5,0.7,0.17647058823529413,0.16666666666666666,1.0,0.0,1.2142857142857142,2.2777777777777777,2.6666666666666665,5.0,1.8333333333333333,1.9,0.875,1.0,4.75,17.8,8.0,17.0,8.0,2.1666666666666665,,0.6666666666666666,inf,2.0,1.5,2.3333333333333335,0.0,6.428571428571429,inf,1.0,inf,1.6,,0.0,0.5,9.0,1.6,5.5,3.0,1.0,inf,0.6,0.0,1.0,0.0,0.0
に,0.2608695652173913,5.52,12.533333333333333,1.8,0.6428571428571429,1.2,12.142857142857142,5.0,5.0,0.7647058823529411,0.5,3.391304347826087,24.0,1.25,0.9,1.5833333333333333,11.666666666666666,4.555555555555555,1.1428571428571428,1.7,0.5555555555555556,1.0,1.0,4.0,9.0,0.2857142857142857,0.1111111111111111,0.4,0.0,0.42857142857142855,3.0,2.1818181818181817,1.6666666666666667,4.5,0.6666666666666666,2.888888888888889,1.5714285714285714,2.2857142857142856,9.5,60.0,inf,inf,5.666666666666667,0.7058823529411765,,2.0,12.0,1.0,11.0,2.25,0.0,4.166666666666667,6.0,0.5,0.0,1.8571428571428572,,0.0,inf,2.0,2.6666666666666665,4.666666666666667,9.0,2.0,1.0,1.0,1.0,3.0,0.0,inf
ぬ,0.5,1.0,,4.0,0.0,0.1111111111111111,2.0,inf,inf,0.25,,0.6666666666666666,,,inf,inf,5.0,inf,inf,inf,inf,1.0,1.0,,2.0,0.0,1.0,0.0,,,1.0,7.0,,inf,,0.0,inf,0.0,4.0,inf,inf,inf,,inf,,inf,0.0,inf,,,0.0,inf,,,,0.0,,,inf,inf,inf,inf,,inf,inf,0.0,,,,inf
ね,0.0625,1.6842105263157894,4.583333333333333,0.0,0.11764705882352941,0.13636363636363635,1.5384615384615385,0.6363636363636364,inf,0.7142857142857143,0.4,1.5333333333333334,0.2222222222222222,1.0,0.0,0.8571428571428571,0.7222222222222222,1.125,0.0,1.0909090909090908,0.75,0.25,,1.0,0.75,0.10526315789473684,0.0,0.2,,0.0,1.1111111111111112,0.4,0.5714285714285714,0.75,0.0,0.3333333333333333,1.25,1.0,1.5,6.8,inf,inf,10.0,0.5,,4.0,1.4,3.0,inf,0.2,1.6666666666666667,2.0,,3.0,0.0,3.0,,,0.0,6.0,2.0,2.0,inf,0.0,inf,0.0,3.0,inf,,1.0
の,0.19230769230769232,1.1111111111111112,4.454545454545454,1.0,0.17142857142857143,0.4117647058823529,1.25,1.1764705882352942,3.6666666666666665,0.7142857142857143,0.0,1.1428571428571428,0.375,0.16666666666666666,0.16666666666666666,0.17142857142857143,5.8,0.7368421052631579,1.0,2.3333333333333335,0.08695652173913043,0.1111111111111111,0.5,1.3333333333333333,1.0,0.11538461538461539,0.11764705882352941,0.16666666666666666,0.3333333333333333,0.07142857142857142,0.4666666666666667,0.9090909090909091,0.5555555555555556,0.8,0.09090909090909091,1.0,0.0,0.3333333333333333,inf,10.666666666666666,11.0,inf,3.5,0.125,,0.0,7.0,1.0,2.0,0.25,,0.8571428571428571,inf,inf,0.0,0.0,,0.0,0.3333333333333333,1.5,1.0,9.0,2.0,1.0,0.5,,0.0,inf,inf,0.5
は,1.0,24.375,71.75,9.333333333333334,3.0,3.375,2.4237288135593222,5.035714285714286,inf,2.4615384615384617,1.2,5.0588235294117645,11.5,2.75,1.75,5.857142857142857,12.0,82.0,5.0,3.6,1.4285714285714286,3.5,inf,9.5,8.666666666666666,1.0,0.25,4.5,1.0,3.0,6.25,11.833333333333334,3.6666666666666665,36.0,0.4230769230769231,inf,5.5,6.0,inf,18.142857142857142,39.0,inf,12.0,inf,,4.333333333333333,26.0,inf,3.5,9.0,inf,6.8,inf,inf,0.0,3.0,inf,0.0,4.0,2.75,11.0,inf,inf,inf,inf,inf,inf,8.0,0.0,inf
ひ,1.0,22.8,56.0,8.0,9.0,3.4,10.88888888888889,25.0,8.25,2.6363636363636362,1.1666666666666667,5.722222222222222,8.0,1.0,inf,2.6,72.0,59.0,11.5,2.8333333333333335,5.666666666666667,9.0,1.0,inf,8.5,4.0,1.0,4.0,inf,0.25,6.4,20.5,0.6666666666666666,inf,2.75,22.0,4.333333333333333,7.0,inf,16.714285714285715,21.0,inf,19.0,inf,,3.3333333333333335,3.8333333333333335,inf,inf,3.6666666666666665,4.0,4.5,inf,0.5,inf,1.6,,,inf,2.25,inf,inf,3.0,inf,1.0,,inf,inf,,inf
ふ,6.333333333333333,24.0,118.5,6.333333333333333,2.0,1.8823529411764706,8.363636363636363,112.0,23.0,2.125,2.1666666666666665,2.391304347826087,3.125,0.6,0.42857142857142855,4.333333333333333,28.333333333333332,65.0,6.0,5.916666666666667,6.0,2.5,inf,5.0,6.0,0.2222222222222222,0.25,1.0,inf,0.3333333333333333,5.333333333333333,inf,19.0,6.5,1.0,13.0,2.0,6.666666666666667,4.0,12.5,7.75,3.25,5.333333333333333,3.0,,1.0,3.3333333333333335,19.0,inf,1.0,2.0,3.769230769230769,7.5,0.0,0.0,2.0,inf,,inf,5.5,2.5,6.0,6.0,,1.0,0.16666666666666666,2.0,2.0,,
へ,0.75,17.25,19.25,,2.0,4.0,8.0,35.0,1.0,inf,inf,12.0,0.5,0.0,2.3333333333333335,5.0,5.5,inf,inf,2.6666666666666665,1.0,inf,,,3.0,1.0,0.0,0.0,1.0,,inf,2.0,inf,inf,,4.0,4.0,inf,inf,inf,inf,inf,inf,inf,,inf,inf,inf,inf,inf,inf,inf,inf,,,inf,,,,4.0,inf,inf,,,1.0,inf,inf,inf,,
ほ,0.0,124.0,inf,inf,4.0,14.0,19.333333333333332,42.5,4.333333333333333,2.25,2.75,3.1818181818181817,8.5,0.0,1.6666666666666667,2.3333333333333335,5.333333333333333,43.0,inf,4.0,inf,2.3333333333333335,,inf,14.0,0.3333333333333333,4.0,3.0,,1.0,2.3333333333333335,4.0,inf,inf,inf,18.0,7.0,9.0,inf,15.333333333333334,inf,inf,inf,3.0,,inf,6.0,inf,8.0,3.6666666666666665,2.0,7.666666666666667,inf,,0.5,1.3333333333333333,,,inf,inf,inf,11.0,inf,,inf,inf,,5.0,inf,inf
ま,0.18032786885245902,3.8846153846153846,7.5,3.6666666666666665,0.22535211267605634,0.9512195121951219,2.6153846153846154,2.24,3.375,1.380952380952381,0.7837837837837838,0.927536231884058,1.5333333333333334,0.6363636363636364,0.4,0.9166666666666666,3.52,1.75,0.7727272727272727,2.217391304347826,0.8235294117647058,0.3333333333333333,1.0,0.9,2.142857142857143,0.16,0.15625,0.1875,0.0,0.42857142857142855,1.0,1.3076923076923077,3.2,3.3333333333333335,2.3333333333333335,1.4545454545454546,2.0,1.2222222222222223,4.0,13.5,inf,2.8,14.0,1.4,,1.0,1.2,1.8333333333333333,4.0,0.6,0.8,2.5384615384615383,inf,0.3333333333333333,0.0,0.4444444444444444,0.0,1.0,1.1666666666666667,2.7058823529411766,4.666666666666667,4.333333333333333,1.1666666666666667,1.0,0.6,0.25,0.0,0.2,0.0,3.0
み,0.04285714285714286,1.9154929577464788,4.456140350877193,1.2222222222222223,0.4927536231884058,0.4177215189873418,3.372093023255814,1.9444444444444444,2.8181818181818183,1.275,0.32075471698113206,1.3232323232323233,0.9230769230769231,0.5833333333333334,0.9,0.5777777777777777,4.964285714285714,1.0555555555555556,0.8571428571428571,1.7777777777777777,0.43902439024390244,0.4583333333333333,0.14285714285714285,2.5,1.1,0.08450704225352113,0.04878048780487805,0.0,0.5,0.25,0.7647058823529411,1.0,0.5625,3.6666666666666665,0.39285714285714285,1.2075471698113207,0.4583333333333333,1.032258064516129,30.0,17.666666666666668,inf,4.0,6.666666666666667,0.95,,1.3333333333333333,2.6666666666666665,2.25,3.6666666666666665,0.8333333333333334,0.5,4.7,7.333333333333333,0.0,inf,0.5714285714285714,,0.0,2.0,1.2,1.6666666666666667,1.0,8.5,5.0,0.2,0.0,0.0,0.5,,
む,0.0,5.375,12.8,0.3076923076923077,0.08333333333333333,0.2,1.8888888888888888,2.9,1.1111111111111112,0.47368421052631576,0.2222222222222222,0.8125,0.15789473684210525,0.07692307692307693,0.0,1.0,3.6666666666666665,5.0,0.6,1.0,0.375,0.6,,1.75,1.8,0.2727272727272727,1.5,0.05263157894736842,0.0,0.0,0.3125,1.7777777777777777,1.0,2.0,0.6666666666666666,5.5,0.6666666666666666,1.0,1.7777777777777777,1.5384615384615385,0.8,1.0,0.875,1.0,,0.3333333333333333,1.3333333333333333,0.0,2.0,1.0,0.0,0.5294117647058824,3.0,0.5,,0.375,,,1.5,0.3333333333333333,0.3333333333333333,2.0,1.5,0.2,0.0,0.0,0.0,0.0,0.0,0.0
め,0.1111111111111111,1.8620689655172413,2.5454545454545454,0.5714285714285714,0.021739130434782608,0.26666666666666666,1.2173913043478262,2.3846153846153846,0.7142857142857143,0.2692307692307692,0.0,0.9230769230769231,1.1111111111111112,0.5,0.1111111111111111,1.5,0.6,1.3888888888888888,0.5,0.6875,0.2,0.2222222222222222,0.0,1.3333333333333333,1.25,0.027777777777777776,0.0,0.15384615384615385,0.0,0.0,0.3,0.2727272727272727,0.5,1.0,0.09090909090909091,0.5789473684210527,0.7692307692307693,1.0,4.0,8.25,inf,1.5,2.0,0.07692307692307693,,0.5714285714285714,3.5,0.3333333333333333,0.5,0.3333333333333333,0.0,1.4285714285714286,5.0,1.0,,0.2,,0.0,0.5714285714285714,3.2,2.0,0.8,3.0,1.0,2.0,,inf,inf,,1.0
も,0.2857142857142857,4.117647058823529,10.0,inf,0.875,1.75,6.5,4.181818181818182,inf,1.4375,0.8181818181818182,3.230769230769231,1.5,1.6666666666666667,1.0,6.5,25.0,6.0,inf,3.5,0.5454545454545454,1.5,,inf,11.0,2.3636363636363638,0.36363636363636365,1.0,,0.0,0.42857142857142855,2.5454545454545454,1.5,11.0,1.0,0.7222222222222222,1.5,1.4,13.0,54.0,30.0,12.0,inf,0.2,,3.0,3.0,7.0,inf,1.5,inf,1.7777777777777777,11.0,0.0,,1.0,,,6.0,0.6,inf,inf,5.0,,,inf,1.0,2.0,inf,
や,0.0,1.2040816326530612,6.588235294117647,0.7692307692307693,0.3488372093023256,0.2898550724637681,1.3695652173913044,2.15,1.2307692307692308,0.7045454545454546,0.13953488372093023,0.9195402298850575,0.5,0.24,0.2222222222222222,0.4827586206896552,2.641025641025641,1.625,0.36,0.6333333333333333,0.5263157894736842,0.34615384615384615,inf,3.0,1.0,0.0,0.045454545454545456,0.07692307692307693,0.25,0.05555555555555555,0.6875,0.828125,0.18181818181818182,1.7272727272727273,1.3846153846153846,1.0,0.6923076923076923,0.5882352941176471,4.444444444444445,3.217391304347826,inf,0.7857142857142857,1.1333333333333333,1.1666666666666667,,0.16666666666666666,0.8823529411764706,4.0,0.4166666666666667,0.22727272727272727,0.4,0.8095238095238095,inf,0.125,0.0,0.3076923076923077,,0.0,0.8333333333333334,0.6666666666666666,1.7272727272727273,0.5,0.4,0.8,0.2222222222222222,0.16666666666666666,0.0,0.0,,0.0
ゆ,0.3333333333333333,3.380952380952381,9.0,1.125,0.16666666666666666,0.3939393939393939,0.7045454545454546,3.0,1.8571428571428572,0.3448275862068966,0.08108108108108109,0.5,0.8333333333333334,0.08333333333333333,0.0,2.0,1.0,13.5,0.5,0.4375,1.1428571428571428,0.6363636363636364,0.0,0.8,inf,0.18181818181818182,0.23076923076923078,0.5,0.25,0.14285714285714285,0.5,2.1818181818181817,1.5,1.3,0.6666666666666666,1.4444444444444444,1.0,2.2,1.25,5.875,3.0,0.4,1.2,1.4,,0.5714285714285714,2.0,1.0,0.875,1.3333333333333333,2.0,0.46153846153846156,inf,inf,0.0,0.25,,1.0,1.25,1.0,0.6,1.5,0.5,0.6666666666666666,0.0,0.0,1.0,0.0,inf,0.3333333333333333
よ,0.0,3.125,14.6,0.4,0.29411764705882354,0.4375,1.0,5.75,0.391304347826087,0.4444444444444444,0.16666666666666666,0.6354166666666666,0.5,0.21875,0.29411764705882354,0.2222222222222222,1.4166666666666667,4.625,0.5,0.625,1.0,0.4375,inf,1.0,3.0,0.16666666666666666,0.14285714285714285,0.15,0.0,0.1111111111111111,0.8181818181818182,0.96875,1.0,1.0,0.7142857142857143,1.7,0.45454545454545453,1.0,1.8333333333333333,4.454545454545454,8.0,1.375,1.0,0.375,,4.5,1.6,0.125,0.2222222222222222,2.0,0.1111111111111111,0.35714285714285715,1.3333333333333333,0.16666666666666666,0.0,0.125,,inf,0.5,1.0,0.45454545454545453,1.5714285714285714,0.5555555555555556,0.6,0.375,0.0,0.0,0.0,,0.0
ら,0.02,0.8913043478260869,2.4827586206896552,0.0,0.06976744186046512,0.171875,0.6666666666666666,1.2222222222222223,0.09090909090909091,0.10526315789473684,0.04081632653061224,0.10810810810810811,0.8,0.15384615384615385,0.0,0.2916666666666667,0.5,1.2666666666666666,0.043478260869565216,0.75,0.21052631578947367,0.10526315789473684,0.25,0.6666666666666666,0.0,0.0,0.0,0.25,0.0,0.0,0.25,0.03333333333333333,0.5625,0.25,0.07692307692307693,0.225,0.8,0.5454545454545454,1.0,2.1666666666666665,10.0,0.6666666666666666,0.15384615384615385,0.35714285714285715,,0.2857142857142857,0.625,1.75,0.3333333333333333,0.5384615384615384,0.6,0.23809523809523808,0.25,0.0,0.0,1.0,,0.0,0.5,1.3333333333333333,0.35714285714285715,0.3333333333333333,2.5,0.0,0.18181818181818182,0.42857142857142855,2.0,0.875,0.0,0.0
り,0.034482758620689655,0.7348484848484849,2.3950617283950617,0.11428571428571428,0.005988023952095809,0.1282051282051282,0.45098039215686275,1.393939393939394,0.08695652173913043,0.061224489795918366,0.029411764705882353,0.24358974358974358,0.21052631578947367,0.03636363636363636,0.0,0.06741573033707865,0.375,0.6428571428571429,0.12727272727272726,0.3902439024390244,0.056179775280898875,0.016666666666666666,0.0,0.14705882352941177,0.09375,0.05511811023622047,0.05982905982905983,0.08,0.0,0.06521739130434782,0.07407407407407407,0.05660377358490566,0.65,0.12121212121212122,0.018518518518518517,0.3108108108108108,0.1702127659574468,0.22448979591836735,0.46153846153846156,1.0,8.333333333333334,0.35714285714285715,0.6,0.05714285714285714,,0.2916666666666667,0.45,1.2,0.5,0.5625,0.0,0.16923076923076924,4.0,0.2,0.0,0.07407407407407407,,0.0,0.0,0.3548387096774194,0.23809523809523808,0.26666666666666666,0.375,0.0,0.1875,0.5,0.0,1.3333333333333333,0.0,0.25
る,0.0273972602739726,0.425,0.3333333333333333,0.0,0.027777777777777776,0.03278688524590164,0.15384615384615385,0.08,0.0,0.0,0.0,0.018518518518518517,0.1016949152542373,0.0,0.125,0.041666666666666664,0.08695652173913043,0.1875,0.05263157894736842,0.1935483870967742,0.125,0.0,0.0,0.0,0.09090909090909091,0.02564102564102564,0.047619047619047616,0.12903225806451613,0.0,0.0,0.0,0.0,1.25,0.0,0.03333333333333333,0.0,0.3333333333333333,0.125,0.1,0.12,1.0,0.0,0.0,0.0,,0.0,0.0,0.2,0.125,0.25,0.0,0.08695652173913043,1.0,0.0,,0.05555555555555555,,0.0,0.0,0.08333333333333333,0.13043478260869565,0.14285714285714285,0.14285714285714285,0.0,0.058823529411764705,0.0,0.25,0.10526315789473684,0.16666666666666666,0.14285714285714285
れ,0.12195121951219512,4.2631578947368425,5.466666666666667,0.6666666666666666,0.024390243902439025,0.41025641025641024,0.9523809523809523,1.894736842105263,0.2857142857142857,0.29411764705882354,0.21428571428571427,0.47619047619047616,1.5,0.0,0.0,0.8,0.46153846153846156,2.6363636363636362,0.1111111111111111,0.8125,0.058823529411764705,0.0,0.0,0.0,0.0,0.0,0.0,0.3076923076923077,0.0,0.0,0.35714285714285715,0.25,1.0,0.6666666666666666,0.08333333333333333,1.2727272727272727,2.5,0.7272727272727273,1.5,2.8,inf,1.0,inf,0.0,,0.5714285714285714,1.0,3.0,1.0,6.0,3.0,0.7777777777777778,0.5,,,0.7,,0.0,0.8571428571428571,1.8333333333333333,2.0,0.0,inf,0.0,1.0,1.0,1.0,1.5,0.0,inf
ろ,0.10714285714285714,2.310344827586207,5.761904761904762,0.5,0.08333333333333333,0.5172413793103449,1.4736842105263157,3.25,0.5454545454545454,0.0967741935483871,0.037037037037037035,0.9333333333333333,0.6666666666666666,0.125,0.2222222222222222,0.6666666666666666,0.9473684210526315,1.4666666666666666,0.23076923076923078,1.1,0.125,0.17647058823529413,,0.1,0.2857142857142857,0.08333333333333333,0.05263157894736842,0.1875,0.0,0.0,0.07142857142857142,0.15,1.1428571428571428,0.5,0.0,0.8823529411764706,0.8333333333333334,1.0,6.5,1.6666666666666667,inf,0.0,1.0,1.0,,0.8,0.5,4.5,2.0,0.45454545454545453,0.3333333333333333,0.75,1.0,1.0,0.0,1.0,,,0.16666666666666666,0.7777777777777778,1.0,0.8,1.5,0.0,0.5714285714285714,0.3333333333333333,0.0,2.3333333333333335,0.0,0.0
わ,0.05555555555555555,3.7142857142857144,2.736842105263158,1.4,0.2857142857142857,0.38461538461538464,2.0,2.909090909090909,3.0,0.42857142857142855,0.8235294117647058,1.206896551724138,2.3333333333333335,0.2222222222222222,0.0,1.3846153846153846,2.9285714285714284,1.4285714285714286,1.8333333333333333,2.111111111111111,0.46153846153846156,1.4166666666666667,0.0,2.0,8.0,0.0,0.0,0.3333333333333333,0.0,0.3333333333333333,0.7142857142857143,1.0526315789473684,1.0,13.0,5.0,0.8571428571428571,0.7142857142857143,2.6666666666666665,2.8,17.5,inf,inf,1.0,1.0,,0.6666666666666666,0.8333333333333334,2.0,1.3333333333333333,0.16666666666666666,0.5,1.4444444444444444,inf,,,0.16666666666666666,,0.0,1.0,1.7142857142857142,5.0,2.4,inf,inf,,2.0,,inf,,
ゔ,,,,,,,,,,,,,,,,,,,,,,,,,,,,,,,,,,,,,,,,,,,,,,,,,,,,,,,,,,,,,,,,,,,,,,
が,0.2222222222222222,6.0,42.333333333333336,0.6,0.0,1.0,4.222222222222222,13.75,0.625,0.3333333333333333,0.4444444444444444,0.6153846153846154,2.0,0.2857142857142857,0.4444444444444444,0.8571428571428571,4.333333333333333,9.666666666666666,0.16666666666666666,1.0,1.5,0.5,0.0,0.25,inf,0.23076923076923078,0.3,1.0,0.0,0.0,1.0,0.75,3.0,1.75,0.3333333333333333,6.0,1.75,0.2222222222222222,3.5,3.4285714285714284,inf,1.75,1.25,1.5,,1.0,0.5,inf,0.0,inf,0.0,1.75,0.6666666666666666,inf,1.0,0.3333333333333333,,,1.0,0.625,3.0,1.0,1.5,0.0,0.2,,inf,inf,,inf
ぎ,0.0,2.1818181818181817,4.416666666666667,0.0,0.0,0.12903225806451613,1.0625,5.222222222222222,0.14285714285714285,0.25,0.0,0.5348837209302325,0.6,0.0,0.0,0.16666666666666666,0.5,1.0,0.8333333333333334,0.6666666666666666,0.0,0.08333333333333333,inf,0.7142857142857143,0.14285714285714285,0.038461538461538464,0.2608695652173913,0.3,0.0,0.16666666666666666,0.8333333333333334,0.375,0.75,0.2857142857142857,0.3333333333333333,1.1333333333333333,0.5,0.625,1.6,2.2222222222222223,inf,1.0,2.0,1.2,,2.0,1.0,1.5,0.25,0.23076923076923078,6.5,0.7058823529411765,inf,0.0,,0.375,,,0.6,0.18181818181818182,0.6666666666666666,0.0,0.4,0.0,1.0,2.0,,4.0,,inf
ぐ,0.125,5.833333333333333,4.3,0.06666666666666667,0.2,0.25,0.8666666666666667,7.333333333333333,0.8,0.625,0.1,0.3125,0.3333333333333333,0.0,0.16666666666666666,0.0,0.8571428571428571,2.3333333333333335,0.5,0.625,0.5,1.0,0.0,0.3333333333333333,1.0,0.0,0.0,0.05263157894736842,0.0,0.0,0.5454545454545454,0.4444444444444444,inf,3.0,0.14285714285714285,0.25,1.0,8.0,0.5714285714285714,0.8333333333333334,5.0,0.3333333333333333,0.2222222222222222,0.5,,0.0,0.6666666666666666,1.0,inf,0.0,inf,0.7142857142857143,inf,4.0,,0.375,,,0.3333333333333333,0.7333333333333333,0.08333333333333333,0.6666666666666666,0.6153846153846154,0.0,0.05263157894736842,0.3333333333333333,1.0,0.6,0.0,0.0
げ,0.05,13.5,17.166666666666668,0.0,0.045454545454545456,0.5333333333333333,2.5,2.5238095238095237,0.0,0.875,0.0,1.3636363636363635,2.0,0.125,1.0,1.0,0.5,2.857142857142857,0.4,0.7692307692307693,0.6666666666666666,0.09090909090909091,,0.0,0.5,0.2857142857142857,0.0,0.0,0.0,0.125,0.25,0.2727272727272727,0.5,2.0,0.0,2.4,1.1428571428571428,4.5,3.0,2.0,8.0,1.0,0.5,0.75,,inf,4.0,0.0,1.0,0.5,0.3333333333333333,2.0,inf,inf,0.0,2.0,,,0.3333333333333333,3.0,inf,inf,0.0,,1.0,1.0,inf,inf,,inf
ご,0.0,4.095238095238095,21.75,0.6,0.45454545454545453,0.8421052631578947,3.230769230769231,8.222222222222221,1.2857142857142858,1.2727272727272727,0.3333333333333333,2.5294117647058822,1.6666666666666667,0.42857142857142855,0.7142857142857143,0.625,3.3333333333333335,11.333333333333334,1.5,1.5555555555555556,0.42857142857142855,0.4444444444444444,,5.0,4.0,0.1111111111111111,0.2727272727272727,1.0,0.0,0.2727272727272727,1.6666666666666667,1.2,1.0,3.0,0.6666666666666666,4.4,0.75,0.5,1.8571428571428572,1.7777777777777777,4.0,0.16666666666666666,2.2,6.0,,0.0,4.333333333333333,inf,2.0,1.0,4.0,1.0,inf,1.0,0.0,0.5,,,,1.0,3.0,1.5,1.0,0.3333333333333333,0.3333333333333333,1.0,,inf,,1.0
ざ,0.1,6.5,76.0,0.0,0.1,1.125,8.666666666666666,8.25,2.0,0.2727272727272727,0.0,0.8666666666666667,2.5,0.3333333333333333,2.0,0.8571428571428571,2.0,10.0,0.5,1.0,inf,inf,inf,0.6,,0.0,0.25,0.5,0.0,0.5,1.25,2.0,inf,inf,0.0,2.5,0.5,9.0,1.6666666666666667,inf,inf,0.3333333333333333,3.0,2.0,,inf,0.15384615384615385,0.0,3.0,0.25,1.0,2.0,inf,0.0,inf,0.0,,,0.0,0.4,1.0,0.0,0.5,0.0,,,1.0,0.0,,
じ,0.06666666666666667,4.426470588235294,18.25,0.4583333333333333,0.06172839506172839,0.6029411764705882,2.16,7.75,0.3684210526315789,0.1917808219178082,0.109375,0.9506172839506173,0.20588235294117646,0.08333333333333333,0.4,0.2708333333333333,1.8928571428571428,4.826086956521739,0.5,0.7741935483870968,0.15555555555555556,0.24,0.0,0.5,1.1666666666666667,0.14705882352941177,0.2222222222222222,0.2653061224489796,0.0,0.13043478260869565,0.3939393939393939,0.2127659574468085,1.8888888888888888,0.7,0.5625,1.2352941176470589,2.1666666666666665,2.8,4.2,5.909090909090909,11.5,1.2857142857142858,1.3333333333333333,0.6923076923076923,,0.5714285714285714,1.4166666666666667,1.4,0.5,1.0,0.5,1.0,4.5,0.75,0.0,0.3181818181818182,,,1.0,1.1111111111111112,1.1428571428571428,2.0,0.7272727272727273,0.5,0.8,0.42857142857142855,inf,12.0,0.0,0.0
ず,0.0,1.125,1.2666666666666666,0.6,0.0,0.0,0.47058823529411764,0.5555555555555556,1.0,0.0,0.07142857142857142,0.15,0.0625,0.0,0.0,0.42857142857142855,0.2,1.2,0.0,0.2,0.0,0.16666666666666666,,,0.0,0.0,0.0,0.13333333333333333,0.0,0.0,0.0,0.13636363636363635,0.3333333333333333,0.2,0.09090909090909091,0.0,0.0,0.75,4.0,0.25,1.0,2.0,1.0,0.0,,1.5,0.0,0.0,0.0,0.0,0.0,0.2222222222222222,1.0,,0.0,0.6,,,0.0,0.0,1.0,0.5,0.3333333333333333,0.0,0.5,0.0,0.0,1.0,0.0,0.0
ぜ,0.0,56.0,69.0,0.0,0.0,0.8571428571428571,4.0,inf,inf,0.5,0.0,1.2857142857142858,0.2,2.0,0.0,1.0,4.0,16.0,2.0,5.0,1.0,2.0,,0.3333333333333333,0.0,0.0,2.0,inf,,,3.0,inf,2.0,1.0,inf,8.0,0.0,6.0,inf,5.0,inf,,1.0,,,0.0,inf,0.25,0.0,1.0,inf,1.3333333333333333,,,,1.0,,,,inf,inf,,inf,0.0,0.0,inf,inf,inf,,
ぞ,,inf,inf,0.0,0.6666666666666666,inf,7.0,inf,inf,0.0,1.0,6.0,,0.0,,1.0,inf,inf,0.0,5.0,0.0,inf,,inf,inf,inf,0.0,inf,,2.0,inf,0.0,,,,inf,inf,inf,inf,inf,,,inf,,,1.0,,,inf,inf,0.0,inf,inf,,,,,,inf,0.0,,inf,,,,,,,,
だ,0.08695652173913043,8.076923076923077,28.75,0.25,0.2,0.7692307692307693,1.8,12.75,inf,0.6666666666666666,0.23076923076923078,1.9473684210526316,1.1111111111111112,0.3333333333333333,0.2857142857142857,0.13333333333333333,1.4,15.0,1.25,4.4,0.625,0.5384615384615384,inf,0.3333333333333333,inf,0.3333333333333333,0.625,0.5,0.0,0.75,2.25,1.75,2.6666666666666665,5.0,1.0,3.25,4.0,8.0,1.0,13.5,18.0,1.4285714285714286,1.0,6.0,,3.0,2.6666666666666665,2.6666666666666665,0.5,2.0,inf,3.142857142857143,1.6666666666666667,1.0,,1.0,,,1.0,5.0,2.0,4.0,1.5,0.25,0.25,0.0,inf,0.5,,inf
ぢ,0.0,0.0,,,,,,0.0,inf,1.0,,0.0,,,,,1.0,,,,,,,,,0.0,,0.0,,,inf,,,,,,,,,,,,,,,,,,,,,,,,,,1.0,,,,inf,,,,,,,,,
づ,0.0,inf,inf,inf,0.0,,inf,inf,,0.0,,inf,,,,,2.0,1.0,inf,2.0,inf,inf,,,inf,inf,,,,,1.0,inf,,inf,,inf,1.0,0.0,inf,inf,inf,inf,,inf,,,,,,,,,,,,,,1.0,,,,0.0,,,,,,,,
で,0.0,2.727272727272727,7.5,2.3333333333333335,0.2727272727272727,0.7142857142857143,2.4285714285714284,4.75,1.0,1.2857142857142858,0.5,1.4444444444444444,2.0,1.0,0.2,2.0,10.0,3.25,0.5,1.9090909090909092,2.0,0.0,0.0,inf,3.0,0.25,0.0,0.0,,0.0,0.8571428571428571,0.5,0.6666666666666666,1.75,0.16666666666666666,1.2,0.8,2.0,2.0,inf,inf,1.1666666666666667,6.0,1.0,,1.0,1.6666666666666667,3.0,3.0,,inf,1.0,inf,,0.0,1.0,,,1.0,9.0,1.0,,3.5,1.0,0.0,2.3333333333333335,0.0,inf,,2.0
ど,0.12903225806451613,8.0,11.916666666666666,0.3333333333333333,0.08333333333333333,0.4074074074074074,1.6,4.923076923076923,1.3333333333333333,0.5384615384615384,0.3333333333333333,0.6842105263157895,0.5714285714285714,0.0,0.5,2.1666666666666665,3.4,5.833333333333333,0.8333333333333334,1.0,0.1111111111111111,0.5,0.0,0.16666666666666666,0.6666666666666666,0.36363636363636365,0.4444444444444444,0.18181818181818182,0.25,0.0,0.3695652173913043,0.8333333333333334,3.0,0.3125,1.6666666666666667,1.5,1.0,1.0,0.75,2.8181818181818183,12.0,0.5454545454545454,1.2857142857142858,0.5833333333333334,,1.6,5.5,1.3636363636363635,0.3333333333333333,1.0,2.5,0.9,inf,0.0,inf,0.2,,,0.1111111111111111,1.0,0.11764705882352941,0.4,0.06666666666666667,0.3333333333333333,0.7142857142857143,0.5,0.0,0.5,2.0,0.6666666666666666
ば,0.23076923076923078,5.416666666666667,6.75,0.375,0.06666666666666667,0.5,1.5625,7.625,1.0,0.3333333333333333,0.07407407407407407,0.5862068965517241,2.2857142857142856,0.5,0.0,1.875,1.25,3.0,0.8333333333333334,1.9090909090909092,0.625,0.375,0.0,0.5,1.0,0.09090909090909091,0.0,0.4,0.0,0.0,0.21428571428571427,0.6,3.0,0.5,0.0,0.5789473684210527,1.6666666666666667,2.2,2.8,4.2,7.666666666666667,0.5,1.0,0.2,,0.3333333333333333,1.5,12.0,0.0,0.3333333333333333,1.0,0.875,1.0,0.0,,0.5,0.0,,1.0,8.5,1.0,2.0,3.0,,0.0,inf,,1.0,0.0,0.0
び,0.10344827586206896,1.75,5.769230769230769,0.2222222222222222,0.21428571428571427,0.22727272727272727,1.3571428571428572,2.1333333333333333,0.375,0.2857142857142857,0.07407407407407407,0.3142857142857143,1.1818181818181819,0.0,0.5,0.3,0.5555555555555556,3.4,0.4,1.6,0.18181818181818182,0.21428571428571427,0.0,0.5,0.1111111111111111,0.0,0.0,0.16666666666666666,0.0,0.09090909090909091,0.23076923076923078,1.0,0.5,1.25,0.0,2.0,0.6666666666666666,0.6363636363636364,3.0,3.75,7.0,inf,1.25,0.4166666666666667,,1.0,inf,1.5,0.0,0.6666666666666666,inf,0.5,2.0,,0.0,0.25,,inf,,2.5,0.5,1.0,3.0,0.0,0.0,,,2.0,,
ぶ,0.4117647058823529,3.0,46.5,0.0,0.06666666666666667,0.875,1.1538461538461537,4.8,2.125,0.42105263157894735,0.1111111111111111,0.6296296296296297,0.6666666666666666,0.0,0.2,0.6666666666666666,0.3125,8.75,0.5,5.666666666666667,0.3333333333333333,0.1111111111111111,,0.0,0.5,0.0,0.3333333333333333,0.16666666666666666,,0.0,0.8571428571428571,0.11764705882352941,0.6666666666666666,0.3333333333333333,0.2,2.5,2.0,1.8,0.4,2.6666666666666665,7.0,0.0,0.6666666666666666,0.0,,0.6666666666666666,2.5,1.625,inf,1.0,2.0,1.375,3.0,0.0,,0.6666666666666666,,,0.2857142857142857,15.0,0.3333333333333333,0.3333333333333333,1.0,,inf,0.5,,2.0,0.0,2.0
べ,1.6666666666666667,9.0,5.833333333333333,inf,0.0,0.6,4.0,2.4,inf,2.0,0.0,1.2,1.0,inf,inf,3.5,3.0,7.0,4.0,15.0,1.0,0.5,0.0,inf,1.0,0.0,0.0,,,,1.0,0.2,5.0,1.0,,1.25,1.5,1.6666666666666667,inf,inf,inf,inf,inf,0.0,,inf,inf,inf,,3.0,inf,2.0,inf,inf,,4.0,,,1.0,3.0,,inf,,1.0,1.0,inf,inf,inf,,
ぼ,0.2857142857142857,20.0,28.333333333333332,0.0,0.2,1.25,7.333333333333333,7.0,1.5,0.125,0.4444444444444444,2.142857142857143,8.0,0.0,0.4,0.5555555555555556,1.4545454545454546,2.4,5.0,4.333333333333333,0.0,1.0,0.0,0.0,2.0,0.0,1.0,1.0,1.0,0.0,1.6666666666666667,5.0,inf,0.5,,4.5,inf,2.6666666666666665,5.5,5.333333333333333,17.0,1.0,1.75,,,5.0,1.0,19.0,1.0,3.0,,1.25,2.0,inf,,4.0,,,inf,1.4,inf,inf,0.0,1.0,1.0,,,inf,,
ぱ,0.5,8.0,2.0,0.0,0.3333333333333333,0.7,1.3333333333333333,6.666666666666667,0.5,1.6666666666666667,1.0,0.3333333333333333,1.1764705882352942,0.0,,4.5,6.0,inf,4.0,6.4,1.6666666666666667,1.0,inf,inf,,0.0,,6.0,0.0,0.0,4.0,inf,inf,,0.0,6.0,inf,inf,2.3333333333333335,2.0,inf,1.0,3.0,0.5,,,0.5,3.0,1.0,1.0,,2.3333333333333335,inf,0.0,,inf,,,0.42857142857142855,2.0,0.0,,2.0,0.0,,1.0,,inf,0.0,inf
ぴ,1.5,4.5,inf,0.0,0.0,1.0,1.0,inf,1.5,4.0,0.0,0.3333333333333333,5.0,0.0,0.0,1.0,2.5,inf,0.3333333333333333,7.0,inf,1.0,,0.3333333333333333,inf,0.0,0.0,0.5,0.0,,inf,inf,inf,0.0,1.0,inf,1.0,inf,0.5,inf,4.0,1.0,inf,,,0.0,,1.0,0.0,,1.0,0.0,inf,0.0,,0.0,,,inf,inf,,,,0.0,,,1.0,inf,,
ぷ,0.4444444444444444,1.5714285714285714,3.0,0.0,0.0,0.15384615384615385,0.16666666666666666,0.7142857142857143,0.0,0.6666666666666666,0.8571428571428571,0.1,0.9047619047619048,0.0,0.3333333333333333,1.4285714285714286,0.375,3.0,0.18181818181818182,4.8,1.0,0.3333333333333333,,0.0,0.0,0.125,0.0,0.5,0.0,0.2,5.0,2.0,inf,0.0,0.5,inf,inf,inf,1.1428571428571428,0.75,9.5,0.6666666666666666,0.42857142857142855,0.0,,0.0,0.25,1.6666666666666667,0.0,0.0,inf,0.08333333333333333,1.0,0.0,,2.0,,,0.0,2.0,1.0,0.5,0.5,0.0,0.0,0.0,0.0,1.0,0.0,0.0
ぺ,3.0,2.0,,1.0,0.0,0.2857142857142857,1.0,2.0,inf,1.6666666666666667,2.0,3.0,6.0,,inf,inf,inf,,inf,inf,inf,inf,,,0.0,inf,,,,0.0,inf,,inf,,0.0,,0.0,,inf,inf,6.0,inf,inf,,,,,inf,,,,inf,inf,,,,,,,0.5,inf,,inf,,,inf,,inf,1.0,
ぽ,0.4,1.0,,1.0,2.0,0.25,1.0,inf,0.0,1.5,0.0,0.5,5.0,0.0,0.0,1.0,2.5,inf,0.5,15.0,inf,0.0,0.0,1.0,2.0,0.0,0.0,,,0.0,0.3333333333333333,,inf,1.0,,inf,3.0,inf,inf,4.0,7.0,0.0,inf,,,0.0,0.0,inf,0.0,1.0,,inf,inf,,,0.0,,,0.5,1.5,inf,,0.5,,,0.0,,inf,,1.0
